city,hospName,hospAddress,latitude,longitude,hospTel,type
臺北市,三軍總醫院附設民眾診療服務處,臺北市內湖區成功路2段325號,25.0718,121.591982,02-87923311,登革熱疫苗
臺北市,台灣基督長老教會馬偕醫療財團法人馬偕紀念醫院,臺北市中山區中山北路2段92號,25.058883,121.522558,02-25433535,登革熱疫苗
臺北市,長庚醫療財團法人台北長庚紀念醫院,臺北市松山區敦化北路199號,25.055508,121.549618,02-27135211,登革熱疫苗
臺北市,國立臺灣大學醫學院附設醫院,臺北市中正區中山南路7號,25.0405703,121.5206943,02-23123456,登革熱疫苗
臺北市,國泰醫療財團法人國泰綜合醫院,臺北市大安區仁愛路4段280號,25.036923,121.5542619,02-27082121,登革熱疫苗
臺北市,新光醫療財團法人新光吳火獅紀念醫院,臺北市士林區文昌路95號,25.09624,121.520289,02-28332211,登革熱疫苗
臺北市,臺北市立萬芳醫院-委託臺北醫學大學辦理,臺北市文山區興隆路3段111號,25.000305,121.55833,02-29307930,登革熱疫苗
臺北市,臺北榮民總醫院,臺北市北投區石牌路2段201號,25.119181,121.519166,02-28712121,登革熱疫苗
臺北市,三軍總醫院北投分院附設民眾診療服務處,臺北市北投區新民路60號,25.139804,121.509701,02-28959808,登革熱疫苗
臺北市,振興醫療財團法人振興醫院,臺北市北投區振興街45號,25.117543,121.5224,02-28264400,登革熱疫苗
臺北市,基督復臨安息日會醫療財團法人臺安醫院,臺北市松山區八德路2段424號,25.048052,121.547276,02-27718151,登革熱疫苗
臺北市,臺北市立聯合醫院中興院區,臺北市大同區鄭州路145號,25.03754,121.545302,02-25523234,登革熱疫苗
臺北市,臺北市立聯合醫院仁愛院區,臺北市大安區仁愛路4段10號,25.03754,121.545302,02-27093600,登革熱疫苗
臺北市,臺北市立聯合醫院和平婦幼院區,"臺北市中正區福州街12號",25.03754,121.545302,"02-23916470",登革熱疫苗
臺北市,臺北市立聯合醫院忠孝院區,臺北市南港區同德路87號,25.03754,121.545302,02-27861288,登革熱疫苗
臺北市,臺北市立聯合醫院陽明院區,臺北市士林區雨聲街105號,25.03754,121.545302,02-28353456,登革熱疫苗
臺北市,臺北醫學大學附設醫院,臺北市信義區吳興街252號,25.0269555,121.563012,02-27372181,登革熱疫苗
臺北市,醫療財團法人辜公亮基金會和信治癌中心醫院,臺北市北投區立德路125號,25.1286458,121.4718668,02-28970011,登革熱疫苗
臺北市,中山醫療社團法人中山醫院,臺北市大安區仁愛路4段112巷11號,25.036515,121.5499289,02-27081166,登革熱疫苗
臺北市,中國醫藥大學附設醫院臺北分院,臺北市內湖區內湖路2段360號,25.0821222,121.5907604,02-27919696,登革熱疫苗
臺北市,同仁院醫療財團法人萬華醫院,臺北市萬華區中華路2段606巷6號,25.024049,121.509826,02-23059292,登革熱疫苗
臺北市,西園醫療社團法人西園醫院,臺北市萬華區西園路2段270號,25.027702,121.494428,02-23076968,登革熱疫苗
臺北市,宏恩醫療財團法人宏恩綜合醫院,臺北市大安區仁愛路4段71巷1號,25.038198,121.546674,02-27713161,登革熱疫苗
臺北市,郵政醫院（委託中英醫療社團法人經營）,臺北市中正區福州街14號,25.028749,121.518698,02-23956755,登革熱疫苗
臺北市,臺北市立關渡醫院─委託臺北榮民總醫院經營,臺北市北投區知行路225巷12號,25.120187,121.466358,02-28587000,登革熱疫苗
臺北市,心田民生診所,臺北市松山區民生東路5段105號1樓,25.0584343,121.5556082,02-27653039,登革熱疫苗
臺北市,弘宇診所,臺北市松山區民權東路3段160巷2之6號1樓,25.061043,121.548001,02-27128875,登革熱疫苗
臺北市,車參薇小兒科診所,臺北市松山區八德路3段222號１樓,25.048162,121.55619,02-25770101,登革熱疫苗
臺北市,宥全診所,臺北市松山區民生東路5段216號1樓,25.0584343,121.5556082,02-27678225,登革熱疫苗
臺北市,畇力診所,臺北市松山區富錦街512號,25.060923,121.564603,02-27659022,登革熱疫苗
臺北市,榮恩蔡醫師診所,臺北市松山區南京東路5段258號,25.0518277,121.5574266,02-27688749,登革熱疫苗
臺北市,澄東耳鼻喉科診所,臺北市松山區三民路37號,25.0557787,121.5635295,02-27420552,登革熱疫苗
臺北市,親親家庭診所,臺北市松山區南京東路5段347號,25.051546,121.567756,02-25283232,登革熱疫苗
臺北市,王寬仁診所,臺北市信義區虎林街121巷11號1樓,25.0403625,121.5772672,02-27204952,登革熱疫苗
臺北市,信義邱婦產科診所,臺北市信義區虎林街198號,25.03844,121.576883,02-27278275,登革熱疫苗
臺北市,張育驍診所,臺北市信義區吳興街467巷2弄6號,25.023899,121.569346,02-27296611,登革熱疫苗
臺北市,理恩診所,臺北市信義區忠孝東路5段410之2號,25.040416,121.574895,02-87899728,登革熱疫苗
臺北市,陳世卿診所,臺北市信義區莊敬路435號,25.027184,121.56695,02-87803565,登革熱疫苗
臺北市,登瑞安診所,臺北市信義區林口街232號,25.042498,121.58135,02-27261468,登革熱疫苗
臺北市,臺北產業醫診所,臺北市信義區信義路5段7號35樓,25.033976,121.5645389,02-81016355,登革熱疫苗
臺北市,德佑診所,臺北市信義區福德街215號,25.038402,121.584719,02-27596037,登革熱疫苗
臺北市,尹書田醫療財團法人書田泌尿科眼科診所,臺北市大安區建國南路2段276號,25.025172,121.537266,02-23690211,登革熱疫苗
臺北市,安民家庭醫學科診所,臺北市大安區大安路1段65號2樓之1,25.042535,121.546277,02-27218556,登革熱疫苗
臺北市,李細祥內科診所,臺北市大安區四維路198巷30弄5號,25.0264337,121.5460934,02-27018159,登革熱疫苗
臺北市,東風診所,臺北市大安區忠孝東路4段132號4樓,25.0419925,121.5335165,02-27775868,登革熱疫苗
臺北市,松德診所,臺北市大安區四維路170巷16號,25.0281223,121.5473509,02-27073326,登革熱疫苗
臺北市,健華診所,臺北市大安區和平東路2段299號,25.025002,121.54373,02-27072990,登革熱疫苗
臺北市,華林診所,臺北市大安區敦化南路2段39號11樓,25.0317557,121.5492338,02-27006128,登革熱疫苗
臺北市,瑞森診所,臺北市大安區信義路3段134巷100號,25.0289387,121.5389713,02-27076002,登革熱疫苗
臺北市,臺北市立聯合醫院附設大安門診部,臺北市大安區辛亥路3段15號,25.021577,121.544274,02-27390997,登革熱疫苗
臺北市,上直診所,臺北市中山區北安路458巷41弄49號,25.0793717,121.5464641,02-85091776,登革熱疫苗
臺北市,大直診所,臺北市中山區北安路595巷2弄2號,25.082041,121.548329,02-25332339,登革熱疫苗
臺北市,永育樂群診所,臺北市中山區樂群二路210之2號,25.079518,121.559291,02-85012268,登革熱疫苗
臺北市,固亷診所,臺北市中山區北安路595巷1號B1,25.0823032,121.5485929,02-25323036,登革熱疫苗
臺北市,高固亷診所,臺北市中山區北安路595巷1號B1,25.0823032,121.5485929,02-25323036,登革熱疫苗
臺北市,啟新診所,臺北市中山區建國北路3段42號5樓,25.0643259,121.5365733,02-25070723,登革熱疫苗
臺北市,國防部醫務組診所,臺北市中山區北安路409號,25.082685,121.5419957,02-85099756,登革熱疫苗
臺北市,惟亷診所,臺北市中山區北安路595巷1號B1,25.0823032,121.5485929,02-25323036,登革熱疫苗
臺北市,晨昕診所,臺北市中山區復興北路350號3樓,25.0600123,121.5439355,02-25181268,登革熱疫苗
臺北市,莊宇龍診所,臺北市中山區北安路637號,25.08373,121.549022,02-25331255,登革熱疫苗
臺北市,德美診所,臺北市中山區北安路596號1樓,25.0815673,121.5488519,02-25326618,登革熱疫苗
臺北市,龍江小兒科診所,臺北市中山區龍江路181-1號1樓,25.0552012,121.5407533,02-25152433,登革熱疫苗
臺北市,力安妥診所,臺北市中正區衡陽路30號1樓、2樓,25.042184,121.512708,02-23882833,登革熱疫苗
臺北市,元泰診所,臺北市中正區羅斯福路3段2號2樓,25.0233624,121.5247132,02-23680599,登革熱疫苗
臺北市,日明耀診所,臺北市中正區重慶南路1段66之1號2樓之1,25.0468814,121.5134147,02-23611190,登革熱疫苗
臺北市,怡和診所,臺北市中正區汀州路2段212號,25.022361,121.523719,02-23625100,登革熱疫苗
臺北市,家禾診所,臺北市中正區三元街217號1樓、2樓,25.0276724,121.513391,02-23331368,登革熱疫苗
臺北市,健康101診所,臺北市中正區牯嶺街97號1樓,25.0258949,121.5190675,02-23645143,登革熱疫苗
臺北市,銘人診所,臺北市中正區博愛路9號3樓,25.0459389,121.511443,02-77557566,登革熱疫苗
臺北市,劉瑞聰診所,臺北市中正區汀州路1段194號,25.0269395,121.511146,02-23038125,登革熱疫苗
臺北市,建順診所,臺北市大同區甘州街51號,25.0596329,121.5128815,02-25573250,登革熱疫苗
臺北市,悅昇診所,臺北市大同區錦西街50之1號,25.060238,121.5199715,02-25502664,登革熱疫苗
臺北市,鈞生診所,臺北市大同區甘州街28號,25.0588267,121.5126782,02-25570048,登革熱疫苗
臺北市,澤康診所,臺北市大同區重慶北路三段71號,25.0663565,121.5139452,02-25960922,登革熱疫苗
臺北市,羅源彰診所,臺北市大同區長安西路137號,25.051407,121.515074,02-25552500,登革熱疫苗
臺北市,永康診所,臺北市萬華區桂林路47號,25.038052,121.504274,02-23123455,登革熱疫苗
臺北市,名家耳鼻喉科診所,臺北市萬華區西藏路107-2號1樓,25.0294985,121.5034524,02-23036513,登革熱疫苗
臺北市,快樂兒童診所,臺北市萬華區寶興街121號,25.025229,121.494803,02-23328610,登革熱疫苗
臺北市,青年診所,臺北市萬華區中華路2段424號,25.027526,121.506144,02-23032450,登革熱疫苗
臺北市,瑞生診所,臺北市萬華區西園路2段250號,25.028026,121.494795,02-23012788,登革熱疫苗
臺北市,漢宗小兒科診所,臺北市萬華區中華路2段434號1樓,25.027153,121.506505,02-23039022,登革熱疫苗
臺北市,盧漢隆耳鼻喉科診所,臺北市萬華區環河南路2段197號,25.032268,121.491752,02-23361363,登革熱疫苗
臺北市,定安診所,臺北市文山區景興路165號,24.993463,121.544663,02-29323755,登革熱疫苗
臺北市,林正豐診所,臺北市文山區保儀路25號,24.988126,121.56871,02-29363665,登革熱疫苗
臺北市,欣民診所,臺北市文山區保儀路37號,24.987908,121.568697,02-29375115,登革熱疫苗
臺北市,洪佑承小兒專科診所,臺北市文山區興隆路4段64之2號1樓,24.985025,121.561366,02-29364708,登革熱疫苗
臺北市,葉洪小兒科診所,臺北市文山區興隆路3段202號,24.997752,121.559057,02-22300055,登革熱疫苗
臺北市,臺北市立聯合醫院附設政大門診部,臺北市文山區指南路2段117號,24.9876981,121.576481,02-82377441,登革熱疫苗
臺北市,德安小兒科診所,臺北市文山區興隆路4段6-10號1樓,24.9895679,121.5595706,02-29395299,登革熱疫苗
臺北市,日新診所,臺北市內湖區成功路5段446號,25.074805,121.607118,02-26342743,登革熱疫苗
臺北市,永育醫療大湖診所,臺北市內湖區成功路4段366號,25.0848303,121.6004361,02-27906002,登革熱疫苗
臺北市,永育醫療康樂診所,臺北市內湖區康樂街82號,25.070294,121.618846,02-26308800,登革熱疫苗
臺北市,高峰診所,臺北市內湖區內湖路2段39號1樓,25.0790083,121.5799405,02-26591888,登革熱疫苗
臺北市,國泰醫療財團法人內湖國泰診所,臺北市內湖區瑞光路337號C棟,25.079388,121.567826,02-87972121,登革熱疫苗
臺北市,康育診所,臺北市內湖區成功路3段189號2樓,25.0805298,121.5910013,02-27909134,登革熱疫苗
臺北市,湖欣診所,臺北市內湖區成功路4段327號,25.0845096,121.598994,02-27918350,登革熱疫苗
臺北市,新明診所,臺北市內湖區新明路386號,25.054814,121.580235,02-87921282,登革熱疫苗
臺北市,葫洲診所,臺北市內湖區康寧路3段35、37號,25.066286,121.611232,02-26306606,登革熱疫苗
臺北市,德威診所,臺北市內湖區內湖路1段667巷1號1樓,25.0800142,121.575196,02-27978033,登革熱疫苗
臺北市,永育醫療福德診所,臺北市南港區福德街320號,25.039477,121.5878487,02-27850700,登革熱疫苗
臺北市,李文珍小兒科診所,臺北市南港區研究院路2段74號,25.04557,121.615108,02-26511871,登革熱疫苗
臺北市,臺北市立聯合醫院附設南港門診部,臺北市南港區南港路1段360號1樓,25.054528,121.606758,02-27868756,登革熱疫苗
臺北市,存德小兒科診所,臺北市士林區文林路460號,25.095638,121.524559,02-28342567,登革熱疫苗
臺北市,何小兒科診所,臺北市士林區福港街176號,25.0866141,121.5176786,02-28827401,登革熱疫苗
臺北市,佩佩婦幼診所,臺北市士林區中山北路6段182號,25.1075469,121.5252705,02-28386262,登革熱疫苗
臺北市,科安診所,臺北市士林區社中街116號,25.0898456,121.5104206,02-28110699,登革熱疫苗
臺北市,高醫師家庭醫學科診所,臺北市士林區中山北路7段17號2樓,25.119121,121.53049,02-28744545,登革熱疫苗
臺北市,張虔熙小兒科診所,臺北市士林區中山北路6段282號,25.1101049,121.5256499,02-28361368,登革熱疫苗
臺北市,臺北市立聯合醫院附設士林門診部,臺北市士林區中正路439號1樓,25.0928395,121.519827,02-28836268,登革熱疫苗
臺北市,德泰耳鼻喉科診所,臺北市士林區通河街42-1號,25.080459,121.52143,02-28851570,登革熱疫苗
臺北市,樹爸爸親子診所,臺北市士林區德行東路286號,25.1099779,121.5360119,02-28381838,登革熱疫苗
臺北市,蕭雨青小兒科診所,臺北市士林區延平北路5段292號,25.0856717,121.5097429,02-28126415,登革熱疫苗
臺北市,蘇慧卿診所,臺北市士林區大南路274號,25.088747,121.519682,02-28829955,登革熱疫苗
臺北市,台北欣安耳鼻喉科診所,臺北市北投區石牌路1段152號,25.114276,121.51316,02-28210501,登革熱疫苗
臺北市,何叔芳小兒科診所,臺北市北投區石牌路2段90巷12號,25.115445,121.515848,02-28206886,登革熱疫苗
臺北市,長宏診所,臺北市北投區中央北路2段121號,25.1371223,121.4944886,02-28967372,登革熱疫苗
臺北市,昱德聯合診所,臺北市北投區光明路102號,25.133095,121.501217,02-28975050,登革熱疫苗
臺北市,洪耳鼻喉科診所,臺北市北投區中央南路1段43號,25.132204,121.501448,02-28928769,登革熱疫苗
臺北市,祐民聯合診所,臺北市北投區中央南路1段207號,25.128337,121.501341,02-28951301,登革熱疫苗
臺北市,張參雄診所,臺北市北投區光明路166號2樓、166-1號、166-2號2、3樓,25.135,121.502641,02-28926555,登革熱疫苗
臺北市,陳献明小兒科診所,臺北市北投區中央南路1段69號1樓,25.1151759,121.515018,02-28928950,登革熱疫苗
臺北市,萬泰診所,臺北市北投區中央北路2段52號1樓,25.137172,121.495088,02-28930728,登革熱疫苗
新北市,弘安診所,新北市八里區舊城里中山路二段215號1樓,25.149373,121.403673,86303263,登革熱疫苗
新北市,施世明診所,新北市八里區訊塘里華峰一街18號,25.146811,121.399292,86302193,登革熱疫苗
新北市,文心診所,新北市八里區訊塘里中山路二段392號,25.147884,121.400675,26191537,登革熱疫苗
新北市,八里區衛生所,新北市八里區舊城里舊城路16號,25.147095,121.40006,26101902,登革熱疫苗
新北市,台加診所,新北市八里區頂罟里中山路二段310號1樓,25.150055,121.404435,86302275,登革熱疫苗
新北市,誠泰診所,新北市八里區埤頭里中山路一段231號,25.157539,121.411033,26108205,登革熱疫苗
新北市,三芝彭小兒科診所,新北市三芝區埔頭里中山路一段59號1樓,25.257218,121.500763,26369622,登革熱疫苗
新北市,曾明診所,新北市三芝區埔坪里中正路一段6號,25.259073,121.502802,26369942,登革熱疫苗
新北市,三芝區衛生所,新北市三芝區埔頭里中山路一段12號,25.258407,121.500753,26362007,登革熱疫苗
新北市,華貞診所,新北市三重區三安里三和路三段80號,25.071697,121.494617,29716626,登革熱疫苗
新北市,惠心婦幼診所(重陽院區),新北市三重區光田里重陽路1段138-144號 1-4樓,25.060732,121.486583,29810568,登革熱疫苗
新北市,惠心婦幼診所(成功院區),新北市三重區福德里成功路173號,25.052755,121.486048,29781998,登革熱疫苗
新北市,京辰耳鼻喉科診所,新北市三重區慈祐里五華街92號1樓,25.081921,121.493291,29876226,登革熱疫苗
新北市,健福診所,新北市三重區慈祐里溪尾街171號,25.080276,121.488916,89851660,登革熱疫苗
新北市,集美診所,新北市三重區光明里集美街174之1號,25.05325,121.490427,29775177,登革熱疫苗
新北市,重新診所,新北市三重區仁德里重新路二段150號,25.061495,121.495617,29765868,登革熱疫苗
新北市,龍華診所,新北市三重區慈祐里五華街100號,25.082488,121.492635,29883500,登革熱疫苗
新北市,三重祥安診所,新北市三重區永清里三和路四段374號,25.078745,121.48266,22808558,登革熱疫苗
新北市,益安診所,新北市三重區正義里正義北路152號,25.06624,121.496547,89828775,登革熱疫苗
新北市,正興診所,新北市三重區中央里正義北路113號,25.065788,121.496981,29861235,登革熱疫苗
新北市,保順聯合診所,新北市三重區文化里正義北路5號,25.062591,121.497894,29855630,登革熱疫苗
新北市,采新婦幼診所,新北市三重區正義里正義北路86號,25.064558,121.497078,89853888,登革熱疫苗
新北市,禾順診所,新北市三重區錦通里文化北路3號1樓,25.0633,121.499874,29780089,登革熱疫苗
新北市,新北市立聯合醫院 (三重院區),新北市三重區中山里新北大道一段3號,25.060869,121.49084,29829111,登革熱疫苗
新北市,三重中興醫院,新北市三重區中興里中興北街21號,25.046534,121.469661,29959680,登革熱疫苗
新北市,三重區衛生所,新北市三重區中山里新北大道一段1號,25.061191,121.491392,29825233,登革熱疫苗
新北市,明安耳鼻喉科診所,新北市三重區正德里正義北路54號,25.06388,121.497265,29862228,登革熱疫苗
新北市,聰明耳鼻喉科診所,新北市三重區光榮里重新路二段14號1樓,25.062685,121.499495,89727370,登革熱疫苗
新北市,宏仁醫院,新北市三重區福祉里水漾路一段158號,25.053965,121.48378,29788877,登革熱疫苗
新北市,德河聯合診所,新北市三重區幸福里重陽路三段117號,25.068605,121.490817,89851515,登革熱疫苗
新北市,德心診所,新北市三重區永福里力行路二段206號,25.077725,121.483481,82878007,登革熱疫苗
新北市,德慈聯合診所,新北市三重區中山里重新路三段14號,25.061385,121.49517,29736693,登革熱疫苗
新北市,鄭俊堂診所,新北市三重區福隆里自強路四段49號,25.07784,121.489926,22863333,登革熱疫苗
新北市,吉田診所,新北市三重區六福里中正北路174-7號,25.0667006,121.4833669,29845093,登革熱疫苗
新北市,張必正診所,新北市三重區大同里重新路三段66號,25.0610723,121.4935826,89726657,登革熱疫苗
新北市,金港齡小兒科診所,新北市三重區溪美里仁愛街302號,25.0792804,121.4919196,29802412,登革熱疫苗
新北市,謝明宏小兒科診所,新北市三重區田安里中華路43號1樓,25.0618274,121.4836191,29816425,登革熱疫苗
新北市,簡修平診所,新北市三重區福安里正義北路300之3號,25.0696489,121.4953021,89825506,登革熱疫苗
新北市,大重仁復健科診所,新北市三重區中興里重新路五段592號2樓,25.0453322,121.4693633,29958283,登革熱疫苗
新北市,培力佳診所,新北市三重區永德里自強路三段67號1樓,25.0733391,121.4870601,29834012,登革熱疫苗
新北市,德恩診所,新北市三重區福民里集成路47號,25.0527488,121.4893543,29766501,登革熱疫苗
新北市,宏生診所,新北市三重區五福里五華街72號,25.0819142,121.4931918,29819948,登革熱疫苗
新北市,皇嘉耳鼻喉科診所,新北市三重區富貴里五華街247號,25.0862529,121.4891709,28579666,登革熱疫苗
新北市,郭國鐘小兒科診所,新北市三重區光華里信義街57號,25.0650008,121.5011975,29726825,登革熱疫苗
新北市,芯安診所,新北市三重區田安里中華路77號,25.0625762,121.4836703,29836600,登革熱疫苗
新北市,友孝診所,新北市三重區田安里中華路60號,25.0621817,121.4833922,29863699,登革熱疫苗
新北市,吳英芳診所,新北市三重區龍門里龍門路161號,25.0729374,121.4988207,29755521,登革熱疫苗
新北市,正和診所,新北市三重區安慶里正義北路278號1樓,25.0690833,121.4956628,29828828,登革熱疫苗
新北市,康新診所,新北市三重區雙園里正義北路185號1樓,25.0679198,121.4964607,29865982,登革熱疫苗
新北市,愷馨耳鼻喉科診所,新北市三重區仁華里仁愛街729號,25.0805857,121.4818652,28571201,登革熱疫苗
新北市,周宏法診所,新北市三重區三安里正義北路309號,25.0711933,121.4943994,29889962,登革熱疫苗
新北市,重揚診所,新北市三重區光田里重陽路一段112號,25.0598712,121.4864305,29853880,登革熱疫苗
新北市,吳孟書診所,新北市三重區重明里朝陽街25號1樓,25.0565691,121.483698,89827888,登革熱疫苗
新北市,予生診所,新北市三重區永清里三和路四段360-4號,25.0784907,121.4830163,22806280,登革熱疫苗
新北市,全民醫院,新北市三重區福隆里三和路四段103之2號,25.0768498,121.4869018,22821575,登革熱疫苗
新北市,如原診所,新北市三峽區鳶山里文化路264之1號1樓,24.935838,121.366781,26713119,登革熱疫苗
新北市,星龍耳鼻喉科診所,新北市三峽區龍恩里國際一街5號,24.94309,121.374561,26711676,登革熱疫苗
新北市,永澄診所,新北市三峽區安溪里光明路20號1樓,24.930883,121.373344,26732674,登革熱疫苗
新北市,錦霖診所,新北市三峽區永舘里文化路86號,24.936264,121.371851,86743684,登革熱疫苗
新北市,北大小兒科診所,新北市三峽區龍恩里大學路87號1樓,24.941707,121.375891,26718080,登革熱疫苗
新北市,清福醫院,新北市三峽區介壽里介壽路一段286號2樓,24.929034,121.380184,26739288,登革熱疫苗
新北市,行天宮醫療志業醫療財團法人恩主公醫院,新北市三峽區鳶山里復興路399號,24.938385,121.363007,26723456,登革熱疫苗
新北市,永聖醫療社團法人文化醫院,新北市三峽區礁溪里介壽路1段199號,24.930745,121.378215,26732885,登革熱疫苗
新北市,三峽區衛生所,新北市三峽區介壽里光明路71號3樓,24.928297,121.376129,26711592,登革熱疫苗
新北市,彭耳鼻喉科診所,新北市三峽區永舘里文化路132號1樓,24.9362959,121.3708944,26738275,登革熱疫苗
新北市,常順診所,新北市三峽區礁溪里中華路13號1樓,24.9319744,121.3736323,26738968,登革熱疫苗
新北市,土城診所,新北市土城區員林里中央路二段177巷22號,24.975984,121.442843,22603307,登革熱疫苗
新北市,洪正祝小兒科診所,新北市土城區安和里延和路112號,24.989816,121.467237,82611080,登革熱疫苗
新北市,裕安診所,新北市土城區埤林里裕民路131號,24.986507,121.451445,22613300,登革熱疫苗
新北市,秀偉小兒科診所,新北市土城區清溪里金城路二段380號,24.985468,121.463265,22620555,登革熱疫苗
新北市,祐生耳鼻喉科診所,新北市土城區土城里中央路二段223之9號,24.973188,121.440678,82614588,登革熱疫苗
新北市,宏陽耳鼻喉科診所,新北市土城區廣福里學府路一段105號,24.987642,121.455895,82629168,登革熱疫苗
新北市,嘉恩耳鼻喉科診所,新北市土城區樂利里裕民路76號,24.987273,121.449789,22630609,登革熱疫苗
新北市,康城診所,新北市土城區員信里中正路152號,24.975597,121.446164,82732660,登革熱疫苗
新北市,家峰耳鼻喉科診所,新北市土城區員林里中正路15號,24.975317,121.443175,22635968,登革熱疫苗
新北市,梁診所,新北市土城區頂埔里中央路四段75號,24.958158,121.417218,22674991,登革熱疫苗
新北市,延平診所,新北市土城區員林里學士路386號1樓,24.977461,121.446793,22703394,登革熱疫苗
新北市,大昌診所,新北市土城區青雲里青雲路184號,24.982256,121.459082,22742208,登革熱疫苗
新北市,興城骨科診所,新北市土城區土城里光明街58號,24.973191,121.442229,22639966,登革熱疫苗
新北市,仁康診所,新北市土城區清水里青仁路29號1樓,24.978684,121.460544,22609090,登革熱疫苗
新北市,廣川醫院,新北市土城區學士里裕民路274號 、276號、278號,24.982341,121.455017,22617000,登革熱疫苗
新北市,新北市立土城醫院（委託長庚醫療財團法人興建經營）,新北市土城區埤塘里金城路二段6號,24.976437,121.44873,22630588,登革熱疫苗
新北市,土城區衛生所,新北市土城區埤塘里和平路26號,24.972857,121.443189,22603181,登革熱疫苗
新北市,頂埔中心診所,新北市土城區頂福里中央路四段286號,24.956429,121.414306,22671382,登革熱疫苗
新北市,土城中央診所,新北市土城區土城里中央路二段219號,24.973959,121.4411091,22748499,登革熱疫苗
新北市,同心學府診所,新北市土城區員信里學府路二段351.353號,24.9750746,121.4454729,77179713,登革熱疫苗
新北市,維安小兒科診所,新北市土城區貨饒里中央路一段67-2號,24.9897208,121.4478258,22668575,登革熱疫苗
新北市,維誠小兒科診所,新北市土城區貨饒里中央路一段67-2號,24.9897208,121.4478258,22668575,登革熱疫苗
新北市,裕民至祥診所,新北市土城區貨饒里裕民路27號,24.9885672,121.4481429,82625959,登革熱疫苗
新北市,學府實和聯合診所,新北市土城區廣福里學府路一段121號,24.9871935,121.4553539,22650995,登革熱疫苗
新北市,土城桃庚診所,新北市土城區延壽里金城路三段259號,24.9901797,121.4721505,22738000,登革熱疫苗
新北市,羅文亮小兒科,新北市土城區樂利里裕民路144號1樓,24.9860013,121.4516927,82623060,登革熱疫苗
新北市,仁安醫院,新北市土城區貨饒里中央路一段62號,24.9896475,121.4472695,22627088,登革熱疫苗
新北市,捷安診所,新北市中和區中安里中和路456號,25.00373,121.512179,22331117,登革熱疫苗
新北市,通安診所,新北市中和區漳和里南山路45號1樓,24.998654,121.502135,22421190,登革熱疫苗
新北市,尚安診所,新北市中和區德穗里莒光路154號1樓,25.00061,121.472511,29571200,登革熱疫苗
新北市,力禾耳鼻喉科診所,新北市中和區廟美里連城路15號1樓,25.002127,121.499013,82457641,登革熱疫苗
新北市,唯安診所,新北市中和區景南里景新街455號,24.988437,121.513292,29479165,登革熱疫苗
新北市,維發診所,新北市中和區正南里華新街26號,24.9847496,121.5075702,29481089,登革熱疫苗
新北市,余泰昌小兒科診所,新北市中和區安平里宜安路134之1號,24.998477,121.50975,29230336,登革熱疫苗
新北市,劉彭小兒科診所,新北市中和區枋寮里中和路271號,24.999822,121.505593,22483136,登革熱疫苗
新北市,祐嘉骨科診所,新北市中和區南山里南華路22號,24.995771,121.503085,82455795,登革熱疫苗
新北市,莊福仁內科診所,新北市中和區壽南里興南路一段142-6號,24.987075,121.508387,29457550-9,登革熱疫苗
新北市,永育醫療南勢角診所,新北市中和區東南里仁愛街128號,24.986621,121.511753,29402202,登革熱疫苗
新北市,李凱國皮膚科診所,新北市中和區壽南里興南路一段146號1-2樓,24.987033,121.508354,86680185,登革熱疫苗
新北市,王曜庭診所,新北市中和區安平里景安路29號,24.998825,121.507838,89432226,登革熱疫苗
新北市,廣祥診所,新北市中和區忠孝里興南路二段29號,24.985821,121.507867,86683090,登革熱疫苗
新北市,康萊診所,新北市中和區中山里連城路317-2號,24.996074,121.489161,32341890,登革熱疫苗
新北市,英生耳鼻喉科診所,新北市中和區景新里景新街272號,24.992452,121.510782,29471565,登革熱疫苗
新北市,德祐診所,新北市中和區福南里興南路二段34巷1號,24.985505,121.506758,29401710,登革熱疫苗
新北市,南勢角德祐診所,新北市中和區景新里興南路一段56巷1弄1號1樓,24.990659,121.510709,29406035,登革熱疫苗
新北市,衛生福利部雙和醫院(委託臺北醫學大學興建經營),新北市中和區力行里中正路291號,24.993746,121.494082,22490088,登革熱疫苗
新北市,中和區衛生所,新北市中和區漳和里南山路4巷3號,24.998691,121.501638,22491936,登革熱疫苗
新北市,怡和醫院,新北市中和區廟美里連城路49號,25.001881,121.498506,22450009,登革熱疫苗
新北市,日欣診所,新北市中和區漳和里南山路15號,24.999247,121.502172,22402885,登革熱疫苗
新北市,朝安診所,新北市中和區漳和里南山路27-1號1樓及夾層,24.999005,121.502134,22493353,登革熱疫苗
新北市,全裕診所,新北市中和區安平里中和路294號,24.99977,121.508691,82313668,登革熱疫苗
新北市,賴俊元皮膚科,新北市中和區景南里景新街453號,24.988468,121.513282,84410532,登革熱疫苗
新北市,郭長堺診所,新北市中和區福善里中山路二段268號,25.002573,121.497069,22493557,登革熱疫苗
新北市,建良耳鼻喉科診所,新北市中和區景南里景新街465號,24.988244,121.513388,89413009,登革熱疫苗
新北市,正生婦幼聯合診所,新北市中和區正行里中正路122號,24.993858,121.499758,22446969,登革熱疫苗
新北市,禾益診所,新北市中和區景本里景新街401號,24.989729,121.512666,86681070,登革熱疫苗
新北市,安祐診所,新北市中和區景本里景新街401號,24.989729,121.512666,86681070,登革熱疫苗
新北市,健和診所,新北市中和區景本里景新街401號,24.989729,121.512666,86681070,登革熱疫苗
新北市,嘉生診所,新北市中和區漳和里中和路190號,24.9995603,121.5050636,22462402,登革熱疫苗
新北市,張榮欽診所,新北市中和區景南里景新街445號,24.9887617,121.5131346,29465045,登革熱疫苗
新北市,中祥醫院,新北市中和區碧河里中山路二段359巷2號1樓,25.0042666,121.4884925,22405055,登革熱疫苗
新北市,快樂小兒科診所,新北市中和區吉興里景安路215號,24.991442,121.5044519,89432999,登革熱疫苗
新北市,翰霖耳鼻喉科診所,新北市中和區復興里景安路202號,24.9912091,121.5040231,22462238,登革熱疫苗
新北市,西華診所,新北市中和區得行里圓通路293之2號,24.9924786,121.4947966,22471966,登革熱疫苗
新北市,新福星診所,新北市中和區平河里中正路778-1號,25.0006528,121.4854354,22221327,登革熱疫苗
新北市,蔡佳璋婦產科診所,新北市中和區瑞穗里中山路三段152-1號,25.0064256,121.4734494,82212468,登革熱疫苗
新北市,民樂耳鼻喉科診所,新北市中和區信和里民樂路28號1樓,25.0011259,121.4826611,22256896,登革熱疫苗
新北市,祐聖小兒科診所,新北市五股區五福里五福路34號1樓,25.089189,121.434045,82921336,登革熱疫苗
新北市,五股水碓診所,新北市五股區水碓里自強路36號,25.074088,121.43384,22921516,登革熱疫苗
新北市,鴻佑診所,新北市五股區五股里成泰路二段61號1樓,25.083604,121.43789,82950772,登革熱疫苗
新北市,成洲診所,新北市五股區成州里凌雲路一段73號,25.101108,121.450997,22919463,登革熱疫苗
新北市,林筱琪診所,新北市五股區成功里新城六路180號1樓,25.091875,121.446897,22953202,登革熱疫苗
新北市,德音診所,新北市五股區貿商里自強路146號,25.070611,121.432083,22931155,登革熱疫苗
新北市,翔展診所,新北市五股區五股里成泰路二段162號1樓,25.084146,121.438416,22951919,登革熱疫苗
新北市,五股區衛生所,新北市五股區成功里新城三路11號,25.094237,121.447639,22911734,登革熱疫苗
新北市,瑞安診所,新北市平溪區石底里平溪街9號1樓,25.024989,121.738684,24951776,登革熱疫苗
新北市,平溪區衛生所,新北市平溪區石底里公園街17號,25.024681,121.737185,24951015,登革熱疫苗
新北市,永愛診所,新北市永和區中溪里永平路282之1號1樓,25.011949,121.507828,29258680,登革熱疫苗
新北市,蔡正平耳鼻喉科,新北市永和區永元里得和路245號,25.000143,121.520493,29293045,登革熱疫苗
新北市,長欣診所,新北市永和區頂溪里文化路78號,25.015228,121.514084,22311663,登革熱疫苗
新北市,郭烽裕診所,新北市永和區保平里永貞路339號,25.007071,121.509482,29279011,登革熱疫苗
新北市,唐小兒科診所,新北市永和區得和里中正路436號,25.002624,121.517612,29296170,登革熱疫苗
新北市,德美診所,新北市永和區店街里中正路455之1號,25.005607,121.516994,29273001,登革熱疫苗
新北市,文林診所,新北市永和區後溪里仁愛路15號1樓,25.013421,121.514805,22323300,登革熱疫苗
新北市,愛兒小兒科診所,新北市永和區永貞里福和路199號,25.007535,121.519509,29233317,登革熱疫苗
新北市,洪碩壎小兒科診所,新北市永和區潭安里中正路157號,24.998474,121.516397,29461171,登革熱疫苗
新北市,洪源裕小兒科診所,新北市永和區竹林里竹林路181號,25.009689,121.520647,89252926,登革熱疫苗
新北市,天主教耕莘醫療財團法人永和耕莘醫院,新北市永和區永興里中興街80號、52巷1弄28號,25.011279,121.516934,29286060,登革熱疫苗
新北市,永和復康醫院,新北市永和區安和里中和路575號、577號、579號,25.003844,121.511944,29240925,登革熱疫苗
新北市,永和區衛生所,新北市永和區店街里秀朗路一段137號,25.004971,121.516232,32332780,登革熱疫苗
新北市,杏日診所,新北市永和區潭安里中正路111號,24.997616,121.515621,29425936,登革熱疫苗
新北市,杏福診所,新北市永和區秀元里得和路289號,24.99979,121.522622,22320101,登革熱疫苗
新北市,德上診所,新北市永和區智光里中正路106號,24.995903,121.514465,29403938,登革熱疫苗
新北市,惠恩診所,新北市永和區保安路77號1樓,25.014866,121.508683,29249333,登革熱疫苗
新北市,黃濂輝診所,新北市永和區民樂里成功路二段105號,24.99895,121.526801,29266264,登革熱疫苗
新北市,崇恩診所,新北市永和區民富里成功路二段133號,24.998145,121.52674,89210079,登革熱疫苗
新北市,平安診所,新北市永和區潭安里中正路61號1樓,24.996531,121.514671,89431317,登革熱疫苗
新北市,真愛診所,新北市永和區福和里永貞路81之1號1樓,25.0042887,121.5186664,29226072,登革熱疫苗
新北市,蓮恩診所,新北市永和區豫溪里中正路603號,25.009497,121.516391,22331603,登革熱疫苗
新北市,旭恩小兒科,新北市永和區保安里中山路一段172號,25.00916,121.509212,29220217,登革熱疫苗
新北市,逸原診所,新北市永和區協和里永和路一段69號1樓,25.0072256,121.5131104,29253300,登革熱疫苗
新北市,健新耳鼻喉科診所,新北市永和區水源里永貞路297號,25.0056131,121.5107505,89210657,登革熱疫苗
新北市,楊安診所,新北市永和區保安里仁愛路303號1樓,25.0079307,121.5037869,29272369,登革熱疫苗
新北市,仁翔診所,新北市永和區永元里得和路245號1樓,25.0001103,121.520528,22313118,登革熱疫苗
新北市,石門區衛生所,新北市石門區石門里中山路28之1號,25.290164,121.565974,26381007,登革熱疫苗
新北市,石碇區衛生所,新北市石碇區潭邊里碇坪路一段82號,24.991349,121.65761,26631325,登革熱疫苗
新北市,德祐小兒科診所,新北市汐止區康福里福德一路117之1號1樓,25.067682,121.637514,26945180,登革熱疫苗
新北市,楊內科小兒科診所,新北市汐止區智慧里汐萬路1段25號,25.067729,121.65579,26420233,登革熱疫苗
新北市,黃玟珍診所,新北市汐止區忠孝里樟樹一路122號,25.064264,121.642162,26476506,登革熱疫苗
新北市,福德診所,新北市汐止區中興里福德二路171號,25.065073,121.630743,26959877,登革熱疫苗
新北市,育和診所,新北市汐止區信望里中正路31號,25.070246,121.662328,26486803,登革熱疫苗
新北市,馨生婦產科小兒科診所,新北市汐止區中興里福德二路215號,25.064579,121.628823,26927666,登革熱疫苗
新北市,馨悅婦產科診所,新北市汐止區中興里福德二路215號12樓,25.064579,121.628823,26927666,登革熱疫苗
新北市,幸湖診所,新北市汐止區金龍里湖前街27號,25.069198,121.632346,26925222,登革熱疫苗
新北市,合康診所,新北市汐止區信望里大同路二段512號,25.054991,121.631024,86425222,登革熱疫苗
新北市,祥和診所,新北市汐止區城中里建成路37巷13號,25.072376,121.663501,86422558,登革熱疫苗
新北市,國泰醫療財團法人汐止國泰綜合醫院,新北市汐止區城中里建成路59巷2號,25.072872,121.661084,26482121,登革熱疫苗
新北市,汐止區衛生所,新北市汐止區秀峰里新台五路一段266號,25.063513,121.658534,26412030,登革熱疫苗
新北市,佳祥診所,新北市汐止區金龍里民族三街7號,25.070426,121.630785,26954806,登革熱疫苗
新北市,蘇怡菁家醫科診所,新北市汐止區秀峰里仁愛路43號1樓,25.0633599,121.6596884,26423136,登革熱疫苗
新北市,羅小兒科診所,新北市汐止區新昌里忠孝東路244號1樓,25.0671294,121.6627518,86918828,登革熱疫苗
新北市,朝芳診所,新北市汐止區仁德里中正路8號,25.0702222,121.6630595,26427297,登革熱疫苗
新北市,鴻海診所,新北市汐止區新昌里忠孝東路317號1樓,25.0694031,121.6647137,26431777,登革熱疫苗
新北市,坪林區衛生所,新北市坪林區坪林里坪林104號,24.935877,121.711626,26656272,登革熱疫苗
新北市,翰生診所,新北市板橋區公舘里漢生西路73號,25.018791,121.462861,22545665,登革熱疫苗
新北市,德一診所,新北市板橋區九如里中山路二段236號,25.018048,121.478438,29535396#13,登革熱疫苗
新北市,陳嘉偉診所,新北市板橋區光仁里懷仁街92號1樓,25.018044,121.477473,29555457,登革熱疫苗
新北市,柯明奇耳鼻喉科診所,新北市板橋區九如里中山路二段256號,25.018308,121.478852,29622255,登革熱疫苗
新北市,徐小兒科診所,新北市板橋區新埔里陽明街46之2號1樓,25.022047,121.465684,22500890,登革熱疫苗
新北市,板橋李耳鼻喉科診所,新北市板橋區流芳里縣民大道一段185號(1樓),25.007268,121.458034,29606999,登革熱疫苗
新北市,林子敬診所,新北市板橋區九如里中山路二段198號,25.017555,121.477698,29591986,登革熱疫苗
新北市,王林小兒科,新北市板橋區福星里忠孝路20號,25.001739,121.459975,29584966,登革熱疫苗
新北市,佳恩耳鼻喉科診所,新北市板橋區新埔里陽明街40號1樓,25.021954,121.465913,22509566,登革熱疫苗
新北市,嘉恩診所,新北市板橋區新埔里陽明街40號1樓,25.021954,121.465913,22509566,登革熱疫苗
新北市,嘉禾診所,新北市板橋區九如里中山路二段194號(1樓),25.017513,121.477622,29522688,登革熱疫苗
新北市,安慶診所,新北市板橋區新翠里互助街77巷1號(1樓),25.026088,121.460238,22593168,登革熱疫苗
新北市,鴻仁診所,新北市板橋區忠翠里雙十路二段59號,25.026516,121.476342,22537500,登革熱疫苗
新北市,樂福診所,新北市板橋區長壽里三民路二段89號,25.0165,121.479411,29560606,登革熱疫苗
新北市,聯德診所,新北市板橋區溪北里溪北路13號,24.990478,121.426838,86871766,登革熱疫苗
新北市,莒光診所,新北市板橋區莒光里莒光路30號,25.024514,121.470153,22527700,登革熱疫苗
新北市,陳榮泰小兒科診所,新北市板橋區溪福里金門街311號,24.986225,121.429823,26820560,登革熱疫苗
新北市,興安診所,新北市板橋區龍安里龍興街51號,25.00093,121.443094,29652683,登革熱疫苗
新北市,龍興診所,新北市板橋區龍安里龍興街45號,25.000722,121.443029,29650765,登革熱疫苗
新北市,陳敏玲內科診所,新北市板橋區溪洲里溪崑二街97號,24.989155,121.426989,26816661,登革熱疫苗
新北市,重慶耳鼻喉科診所,新北市板橋區福星里重慶路204號,24.996959,121.463588,89517755,登革熱疫苗
新北市,重心診所,新北市板橋區重慶里國慶路189號,24.996479,121.462928,29597755,登革熱疫苗
新北市,林儀文診所,新北市板橋區民安里民權路218號,25.014236,121.458832,29696995,登革熱疫苗
新北市,新埔立安診所,新北市板橋區新埔里陽明街12號,25.021773,121.466594,22558699,登革熱疫苗
新北市,仁佑耳鼻喉科診所,新北市板橋區華德里四川路二段39號,24.995328,121.454167,89663577,登革熱疫苗
新北市,劉宜光診所,新北市板橋區龍安里龍興街33號,25.000333,121.442894,89681111,登革熱疫苗
新北市,周耳鼻喉科診所,新北市板橋區聯翠里文化路二段5號,25.024262,121.468466,22525158,登革熱疫苗
新北市,蕭中正醫院,新北市板橋區新興里南雅南路一段15之1號,25.00693,121.456447,29685661#516,登革熱疫苗
新北市,中英醫療社團法人中英醫院,新北市板橋區百壽里文化路一段196號,25.019884,121.466262,22563584#112,登革熱疫苗
新北市,新北市立聯合醫院 (板橋院區),新北市板橋區德翠里英士路198號,25.023683,121.457708,22575151,登革熱疫苗
新北市,板橋中興醫院,新北市板橋區福星里忠孝路15號,25.001988,121.460292,29590707,登革熱疫苗
新北市,醫療財團法人徐元智先生醫藥基金會亞東紀念醫院,新北市板橋區華東里南雅南路二段21號,24.997312,121.452312,89667000,登革熱疫苗
新北市,板橋區衛生所,新北市板橋區德翠里英士路192號,25.023316,121.458327,22586606,登革熱疫苗
新北市,中正診所,新北市板橋區新生里金華街21巷4號,25.020699,121.4562,29650920,登革熱疫苗
新北市,耀安小兒科診所,新北市板橋區民族里漢生東路324號,25.007981,121.471675,29616781,登革熱疫苗
新北市,漢生診所,新北市板橋區公舘里漢生西路73.75號,25.020288,121.462574,22545665,登革熱疫苗
新北市,正家診所,新北市板橋區福星里四川路一段223號,25.003214,121.460117,89520988,登革熱疫苗
新北市,徐自菱皮膚科,新北市板橋區新翠里互助街31號,25.026779,121.461522,22551158,登革熱疫苗
新北市,黃世鑫診所,新北市板橋區福星里四川路一段143號,25.004446,121.459978,29536051,登革熱疫苗
新北市,常春聯合診所,新北市板橋區景星里四川路一段47號,25.006413,121.459621,29642694,登革熱疫苗
新北市,陳志洪診所,新北市板橋區百壽里文化路一段216號,25.020268,121.466571,82522832,登革熱疫苗
新北市,陳恩哲小兒科診所,新北市板橋區百壽里文化路一段216號,25.020268,121.466571,22567200,登革熱疫苗
新北市,鄭仕程診所,新北市板橋區幸福里新海路113號,25.022774,121.461057,22502200,登革熱疫苗
新北市,樂佳診所,新北市板橋區溪福里金門街306號,24.985429,121.428845,26860588,登革熱疫苗
新北市,樂澄診所,新北市板橋區黃石里北門街13號,25.01096,121.456922,22751010,登革熱疫苗
新北市,宏遠骨科診所,新北市板橋區仁愛里四川路一段473號,24.997361,121.4572809,29588579,登革熱疫苗
新北市,樂欣診所,新北市板橋區明翠里四維路108號,25.024689,121.4656092,22526222,登革熱疫苗
新北市,林弘揚耳鼻喉科診所,新北市板橋區新翠里陽明街295號,25.0266313,121.4616256,82513878,登革熱疫苗
新北市,謙禾家醫診所,新北市板橋區海山里漢生東路287號1.2樓,25.0088065,121.4715317,29596599,登革熱疫苗
新北市,志明診所,新北市板橋區崑崙里篤行路二段52號,24.9926214,121.4316329,26818882,登革熱疫苗
新北市,大川診所,新北市板橋區東丘里中山路二段84之6號,25.0161309,121.4748949,89532285,登革熱疫苗
新北市,大鈞診所,新北市板橋區東丘里中山路二段88號,25.0162177,121.4751868,29646656,登革熱疫苗
新北市,詹婦產科診所,新北市板橋區莒光里文化路二段2號,25.0239069,121.4688323,22529326,登革熱疫苗
新北市,連建安診所,新北市板橋區正泰里三民路二段146號1樓,25.015386,121.4789534,29519918,登革熱疫苗
新北市,明辰診所,新北市板橋區吉翠里裕民街83號1樓,25.0280856,121.4606204,22595667,登革熱疫苗
新北市,板聯診所,新北市板橋區嵐翠里民治街140號,25.0308769,121.4774424,22559990,登革熱疫苗
新北市,余立俊診所,新北市板橋區民權里民權路202巷11弄2號,25.015768,121.4604779,29671329,登革熱疫苗
新北市,熊明旺耳鼻喉科診所,新北市板橋區東丘里中山路二段84之2號,25.0161309,121.4748949,89525545,登革熱疫苗
新北市,德威內科診所,新北市板橋區國光里國光路79號1樓,25.0183749,121.4597527,29684580,登革熱疫苗
新北市,德清診所,新北市板橋區赤松里府中路112號,25.009653,121.4556822,29686607,登革熱疫苗
新北市,明品診所,新北市板橋區華中里僑中一街88號,25.0117911,121.4471058,82752688,登革熱疫苗
新北市,麗晹診所,新北市板橋區青翠里懷德街69號,25.031665,121.478087,22501841,登革熱疫苗
新北市,振侒診所,新北市板橋區大豐里重慶路276-11號1樓,24.999773,121.4630165,29551986,登革熱疫苗
新北市,振安診所,新北市板橋區大豐里重慶路276-11號1樓,24.999773,121.4630165,29551986,登革熱疫苗
新北市,仲全診所,新北市林口區西林里中正路200號,25.077658,121.391113,86012801,登革熱疫苗
新北市,羊咩咩親子診所,新北市林口區西林里仁愛路二段206號,25.07421,121.378501,26028885,登革熱疫苗
新北市,侯志龍小兒科診所,新北市林口區麗林里公園路25號,25.06786,121.366814,26089001,登革熱疫苗
新北市,杏蒔診所,新北市林口區南勢里三民路96號1樓,25.07015,121.360316,26081196,登革熱疫苗
新北市,庚長優質診所,新北市林口區南勢里文化三路一段235號1樓,25.071283,121.363052,26080992,登革熱疫苗
新北市,明揚診所,新北市林口區菁湖里中山路192號,25.079118,121.38901,26035801,登革熱疫苗
新北市,林口區衛生所,新北市林口區南勢里忠孝二路55號1樓,25.069842,121.364058,26068760,登革熱疫苗
新北市,林漢邦診所,新北市林口區西林里仁愛路二段60號,25.075683,121.384609,26030056,登革熱疫苗
新北市,德林診所,新北市林口區菁湖里竹林路170號,25.079753,121.388807,26022210,登革熱疫苗
新北市,捷仁診所,新北市林口區麗園里麗園一街6巷1號1樓之4,25.0703335,121.3766693,26009405,登革熱疫苗
新北市,森冠診所,新北市林口區南勢里文化三路一段77號,25.0677809,121.3608646,26068822,登革熱疫苗
新北市,森康診所,新北市林口區南勢里文化三路一段77號,25.0677809,121.3608646,26068822,登革熱疫苗
新北市,百勝診所,新北市金山區金美里仁愛路37號-5.37-6號,25.219453,121.636329,24987959,登革熱疫苗
新北市,國立臺灣大學醫學院附設醫院金山分院,新北市金山區五湖里玉爐路7號,25.219469,121.628344,24989898,登革熱疫苗
新北市,金山區衛生所,新北市金山區大同里民生路59號,25.220438,121.641135,24982778,登革熱疫苗
新北市,泰安診所,新北市泰山區福泰里泰林路二段182號,25.060825,121.433761,22961869,登革熱疫苗
新北市,溫法烈耳鼻喉科診所,新北市泰山區福泰里泰林路二段175號,25.060758,121.433546,29098253,登革熱疫苗
新北市,陳獻宗診所,新北市泰山區義學里明志路二段12號,25.053626,121.429903,22974050,登革熱疫苗
新北市,蔡興龍小兒科診所,新北市泰山區明志里明志路二段422號,25.04388,121.424919,22093645,登革熱疫苗
新北市,王嘉興診所,新北市泰山區福興里明志路一段271號,25.060077,121.432129,85314123,登革熱疫苗
新北市,輔仁大學學校財團法人輔仁大學附設醫院,新北市泰山區貴賢里貴子路69號,25.039676,121.430798,29052526,登革熱疫苗
新北市,泰山區衛生所,新北市泰山區全興里全興路212號3樓,25.056131,121.433653,29099921,登革熱疫苗
新北市,林慶國耳鼻喉科診所,新北市泰山區同興里明志路一段475號,25.055659,121.4307894,22962841,登革熱疫苗
新北市,烏來安泰診所,新北市烏來區忠治里堰堤7號,24.869962,121.54734,26617390,登革熱疫苗
新北市,烏來區衛生所,新北市烏來區忠治里新烏路五段109號,24.871966,121.547977,26617200,登革熱疫苗
新北市,華成診所,新北市烏來區忠治里新烏路五段106號,24.871116,121.5475194,26617411,登革熱疫苗
新北市,樂文診所,新北市貢寮區貢寮里貢寮街3號1樓,25.018936,121.907639,24942358,登革熱疫苗
新北市,貢寮區衛生所,新北市貢寮區貢寮里仁愛路128號,25.054955,121.927573,24901431,登革熱疫苗
新北市,黃秋陽診所,新北市淡水區長庚里中山路7號,25.169675,121.444154,26229596,登革熱疫苗
新北市,陳正熙診所,新北市淡水區長庚里中山路30號,25.169781,121.44438,26259595,登革熱疫苗
新北市,劉政耳鼻喉科診所,新北市淡水區清文里中山路53號,25.1704,121.443282,26253428,登革熱疫苗
新北市,宜禾診所,新北市淡水區北投里新市一路三段105號,25.183138,121.446565,26259798,登革熱疫苗
新北市,公祥診所,新北市淡水區長庚里中山路38號,25.169948,121.444326,26226551,登革熱疫苗
新北市,台灣基督長老教會馬偕醫療財團法人淡水馬偕紀念醫院,新北市淡水區民生里民生路45號 新北市淡水區民生里民權路47號,25.139534,121.460499,28094661,登革熱疫苗
新北市,淡水區衛生所,新北市淡水區協元里中山路158號,25.172778,121.440844,26215620,登革熱疫苗
新北市,鴻恩診所,新北市淡水區民權里民族路50巷1號,25.135828,121.461642,28082277,登革熱疫苗
新北市,水碓瑞安診所,新北市淡水區北新里北新路182巷61號,25.177315,121.447857,26203669,登革熱疫苗
新北市,梁衛賓診所,新北市淡水區水碓里北新路43號,25.178073,121.445526,86311111,登革熱疫苗
新北市,沐恩診所,新北市淡水區崁頂里濱海路一段143號1樓,25.189233,121.43908,26299777,登革熱疫苗
新北市,恩友診所,新北市淡水區新義里大義街5號1樓,25.1780726,121.4436272,26268476,登革熱疫苗
新北市,幼恩診所,新北市深坑區萬順里北深路三段173號,25.003495,121.601715,26625951,登革熱疫苗
新北市,紹善診所,新北市深坑區萬順里北深路三段99號,25.001667,121.605794,26621660,登革熱疫苗
新北市,瑞和診所,新北市深坑區萬順里北深路三段99號6樓,25.001667,121.605794,26623302,登革熱疫苗
新北市,詠靜診所,新北市深坑區萬順里北深路三段101號.103號.105號2樓,25.001687,121.605686,26628011,登革熱疫苗
新北市,深坑區衛生所,新北市深坑區深坑里深坑街165號,25.000938,121.612643,26621567,登革熱疫苗
新北市,安立診所,新北市新店區青潭里北宜路二段28號,24.951429,121.548222,22177669,登革熱疫苗
新北市,呈恩診所,新北市新店區永平里安和路三段85號,24.961545,121.512373,86662207,登革熱疫苗
新北市,富森診所,新北市新店區百福里三民路97號,24.971844,121.535376,86658711,登革熱疫苗
新北市,碧潭診所,新北市新店區張南里北新路一段21號1樓,24.959061,121.537805,29116698,登革熱疫苗
新北市,安倍診所,新北市新店區仁愛里中正路132號,24.971418,121.542058,89119181,登革熱疫苗
新北市,同仁醫院,新北市新店區江陵里民權路89號,24.982766,121.537745,29170201,登革熱疫苗
新北市,新北仁康醫院,新北市新店區德安里安康路二段323號,24.955542,121.499651,22152345,登革熱疫苗
新北市,豐榮醫院,新北市新店區安昌里安德街26巷3號(B棟),24.963242,121.511571,22122111,登革熱疫苗
新北市,天主教耕莘醫療財團法人耕莘醫院,新北市新店區百和里中正路362號,24.976084,121.535619,22193391,登革熱疫苗
新北市,佛教慈濟醫療財團法人台北慈濟醫院,新北市新店區復興里建國路289號,24.98578,121.535808,66289779,登革熱疫苗
新北市,新店區衛生所,新北市新店區中興里北新路一段86號12樓,24.967275,121.543015,29113984,登革熱疫苗
新北市,聖新診所,新北市新店區張北里寶橋路4號,24.973393,121.543295,29131415,登革熱疫苗
新北市,陳正宗診所,新北市新店區中正里中正路241號,24.973209,121.539201,29129981,登革熱疫苗
新北市,嘉齊診所,新北市新店區中興里北新路一段56號1樓,24.966362,121.54119,89193094,登革熱疫苗
新北市,欣和診所,新北市新店區永平里安和路三段151號,24.985558,121.516621,29401103,登革熱疫苗
新北市,吳耳鼻喉科診所,新北市新店區明德里民族路61號,24.97837,121.539869,29151245,登革熱疫苗
新北市,蘇永誠家醫科診所,新北市新店區中興里北新路一段52號1樓,24.966272,121.541158,29160650,登革熱疫苗
新北市,聖康診所,新北市新店區寶安里北新路三段104號1樓,24.981202,121.541887,86655858,登革熱疫苗
新北市,林建良耳鼻喉科診所,新北市新店區仁愛里中正路158號1樓,24.971882,121.541538,29131313,登革熱疫苗
新北市,劉建梅診所,新北市新店區張北里中正路20號、22號,24.9696915,121.5453143,29124106,登革熱疫苗
新北市,耀程耳鼻喉科,新北市新店區百忍里三民路66號1樓,24.9723587,121.5351003,29171110,登革熱疫苗
新北市,曾俊睿小兒科診所,新北市新店區張北里寶橋路54號1至2樓,24.9752636,121.5460209,29137201,登革熱疫苗
新北市,佑康聯合診所,新北市新店區雙城里安康路三段17號1樓,24.9532509,121.4935927,22153239,登革熱疫苗
新北市,幼安小兒科診所,新北市新店區公崙里安康路二段99號,24.96263,121.5130168,86660909,登革熱疫苗
新北市,安坑振榕診所,新北市新店區安昌里安康路二段178號,24.960326,121.5114791,22126657,登革熱疫苗
新北市,張振榕診所,新北市新店區寶安里中興路三段220巷1號,24.9828307,121.5437734,29158608,登革熱疫苗
新北市,弘久診所,新北市新莊區文衡里新泰路57號,25.03392,121.449431,22040904,登革熱疫苗
新北市,宏久診所,新北市新莊區文衡里新泰路57號,25.03392,121.449431,22040904,登革熱疫苗
新北市,祐幼小兒科診所,新北市新莊區民全里民安西路21號1樓,25.021359,121.427048,22030993,登革熱疫苗
新北市,聯安診所,新北市新莊區忠孝里中正路330號,25.034839,121.445892,29986191,登革熱疫苗
新北市,中心診所,新北市新莊區中和里中港路321號,25.044926,121.452436,22765992,登革熱疫苗
新北市,聯福診所,新北市新莊區八德里民安路232號,25.022324,121.42615,22014370,登革熱疫苗
新北市,晉安診所,新北市新莊區合鳳里中正路700之24號,25.026897,121.417777,29061510,登革熱疫苗
新北市,寶祥診所,新北市新莊區立志里中平路53號,25.044412,121.444685,29960303,登革熱疫苗
新北市,鉅儒診所,新北市新莊區民有里西盛街180號,25.018767,121.428079,22057193,登革熱疫苗
新北市,自立診所,新北市新莊區中泰里中港一街52號,25.045545,121.458057,89925770,登革熱疫苗
新北市,林復森耳鼻喉科診所,新北市新莊區八德里民安路220號,25.022592,121.42598,22011378,登革熱疫苗
新北市,安庚內科診所,新北市新莊區中華里中安街1號1樓,25.045262,121.452793,22779000,登革熱疫苗
新北市,建嘉小兒科診所,新北市新莊區中誠里中誠街40號1樓,25.04812,121.451346,22925105,登革熱疫苗
新北市,馨平耳鼻喉科診所,新北市新莊區立基里中平路82巷12號,25.044781,121.445417,89921881,登革熱疫苗
新北市,新和耳鼻喉科診所,新北市新莊區仁愛里幸福路69號1樓,25.049347,121.457171,29938636,登革熱疫苗
新北市,隆安診所,新北市新莊區民安里龍安路465號,25.018564,121.424933,22056955,登革熱疫苗
新北市,家貞診所,新北市新莊區仁愛里福壽街67號,25.049427,121.458185,29942300,登革熱疫苗
新北市,家慈診所,新北市新莊區仁愛里福壽街67號,25.049427,121.458185,29942300,登革熱疫苗
新北市,家福診所,新北市新莊區仁愛里福壽街67號,25.049427,121.458185,29942300,登革熱疫苗
新北市,思賢診所,新北市新莊區自立里自立街200號1樓,25.045396,121.45672,29923806,登革熱疫苗
新北市,幸福小兒科診所,新北市新莊區中港里幸福路729號,25.049073,121.449206,29919474,登革熱疫苗
新北市,吳政德耳鼻喉科診所,新北市新莊區民安里民安西路60號,25.020372,121.427266,22066608,登革熱疫苗
新北市,新泰綜合醫院,新北市新莊區西盛里新樹路176號,25.036936,121.447753,29962121,登革熱疫苗
新北市,衛生福利部樂生療養院,新北市新莊區雙鳳里中正路794號,25.021622,121.409851,82006600,登革熱疫苗
新北市,衛生福利部臺北醫院,新北市新莊區思源里思源路127號,25.04324,121.459622,22765566,登革熱疫苗
新北市,新莊區衛生所,新北市新莊區榮和里中華路一段2號,25.036408,121.452248,29967123,登革熱疫苗
新北市,王榮文小兒科診所,新北市新莊區中平里中和街149號,25.049406,121.447278,89915595,登革熱疫苗
新北市,新仁醫療社團法人新仁醫院,新北市新莊區海山里中正路395號,25.034523,121.445514,22017212-4,登革熱疫苗
新北市,宏太診所,新北市新莊區自強里自信街28號,25.048199,121.454296,29944523,登革熱疫苗
新北市,邱欽斌小兒科診所,新北市新莊區後港里民安路141號1樓,25.024046,121.425247,22050717,登革熱疫苗
新北市,王中煌診所,新北市新莊區全泰里新泰路194號,25.038242,121.447207,22767366,登革熱疫苗
新北市,果仁小兒科診所,新北市新莊區昌平里中原路146號,25.054542,121.455225,85225828,登革熱疫苗
新北市,張昱錦診所,新北市新莊區建福里後港一路135號,25.0274961,121.4294711,22070341,登革熱疫苗
新北市,至祥診所,新北市新莊區龍鳳里龍安路78號,25.0206053,121.4174633,29047700,登革熱疫苗
新北市,陳一隆內科小兒科診所,新北市新莊區和平里福壽街126號,25.051346,121.4578815,29913751,登革熱疫苗
新北市,福華診所,新北市新莊區自立里復興路二段111號,25.044494,121.4563667,29930909,登革熱疫苗
新北市,吉信耳鼻喉科診所,新北市新莊區中華里中港路286號1樓,25.0443088,121.4531192,29923695,登革熱疫苗
新北市,鄭骨科耳鼻喉科診所,新北市新莊區中美里中港路263號,25.0433782,121.4536297,29929191,登革熱疫苗
新北市,新庚診所,新北市新莊區光華里民安西路370號,25.0108137,121.427693,22073228,登革熱疫苗
新北市,新莊徐耳鼻喉科診所,新北市新莊區立廷里中平路373號,25.0523307,121.4445749,29907505,登革熱疫苗
新北市,丹鳳至祥診所,新北市新莊區富國里富國路53號1樓.2樓,25.0262865,121.419399,29038866,登革熱疫苗
新北市,富國至祥診所,新北市新莊區富國里富國路53號1樓.2樓,25.0262865,121.419399,29038866,登革熱疫苗
新北市,家康陳診所,新北市瑞芳區龍興里明燈路三段36號,25.107876,121.80771,24971563,登革熱疫苗
新北市,詠安診所,新北市瑞芳區龍潭里明燈路三段79號1樓,25.108235,121.805246,24960683,登革熱疫苗
新北市,簡診所,新北市瑞芳區龍潭里明燈路三段39之3號,25.1077,121.806679,24972350,登革熱疫苗
新北市,康橋診所,新北市瑞芳區龍潭里明燈路三段39-7號,25.107678,121.806528,24974128,登革熱疫苗
新北市,福康診所,新北市瑞芳區龍潭里中正路82號1樓,25.107717,121.805533,24960189,登革熱疫苗
新北市,瑞芳礦工醫院,新北市瑞芳區龍川里一坑路71之2號,25.108602,121.80217,24974101,登革熱疫苗
新北市,瑞芳區衛生所,新北市瑞芳區龍興里明燈路三段1號,25.107371,121.809044,24972132,登革熱疫苗
新北市,享悅診所,新北市萬里區萬里里瑪鋉路34號1樓,25.177399,121.689323,24928190,登革熱疫苗
新北市,萬里區衛生所,新北市萬里區萬里里瑪鋉路157號,25.178332,121.689713,24921117,登革熱疫苗
新北市,萬里診所,新北市萬里區萬里里瑪鋉路98-1號,25.178557,121.690665,24922022,登革熱疫苗
新北市,念生耳鼻喉科診所,新北市樹林區樹人里文化街45號1樓,24.988346,121.418076,26751099,登革熱疫苗
新北市,莊豐如診所,新北市樹林區樹德里復興路18號,24.994675,121.422588,26830108,登革熱疫苗
新北市,大樹診所,新北市樹林區樹北里鎮前街19號,24.992585,121.425904,26818919,登革熱疫苗
新北市,樹林泰新診所,新北市樹林區樹福里中山路一段30號,24.992526,121.423913,26874410,登革熱疫苗
新北市,承恩診所,新北市樹林區南園里學勤路597號1樓,24.949052,121.384227,89705297,登革熱疫苗
新北市,樹林立康診所,新北市樹林區樹福里日新街39號,24.992111,121.4228,26863898,登革熱疫苗
新北市,立康診所,新北市樹林區樹福里日新街39號,24.992111,121.4228,26863898,登革熱疫苗
新北市,樹林金鶯診所,新北市樹林區大同里中華路124號,24.980502,121.417585,86850096,登革熱疫苗
新北市,仁愛醫院,新北市樹林區樹南里文化街9號,24.987188,121.420039,26834567,登革熱疫苗
新北市,樹林區衛生所,新北市樹林區保安里樹新路40-7號,24.983889,121.414835,26812134,登革熱疫苗
新北市,三福診所,新北市樹林區三福里三福街56巷7號1樓,25.0167033,121.4052522,86887839,登革熱疫苗
新北市,何廷裕小兒科診所,新北市樹林區樹福里日新街34號,24.9925988,121.4227255,26756789,登革熱疫苗
新北市,朱水松耳鼻喉科,新北市樹林區育英里中山路一段151-2號,24.988961,121.422156,26812928,登革熱疫苗
新北市,柯盈賢小兒科診所,新北市樹林區保安里樹新路41號,24.9947429,121.4270694,26869185,登革熱疫苗
新北市,信和耳鼻喉科診所,新北市樹林區博愛街178號,24.9906725,121.4256706,26822100,登革熱疫苗
新北市,信和診所,新北市樹林區博愛街178號,24.9906725,121.4256706,26822100,登革熱疫苗
新北市,欣悅內科診所,新北市樹林區柑園里學府路298號,24.9502123,121.3790282,26686321,登革熱疫苗
新北市,保惠診所,新北市雙溪區中湖里中華路53號,25.037767,121.865745,24934095,登革熱疫苗
新北市,冠麒診所,新北市雙溪區中湖里中華路45號,25.037564,121.86581,24931233,登革熱疫苗
新北市,雙溪區衛生所,新北市雙溪區新基里新基南街18號,25.037917,121.86645,24931210,登革熱疫苗
新北市,建安診所,新北市蘆洲區永德里長安街265號1樓,25.083767,121.458646,22826588,登革熱疫苗
新北市,健侒診所,新北市蘆洲區永德里長安街265號1樓,25.083767,121.458646,22826588,登革熱疫苗
新北市,健安診所,新北市蘆洲區永德里長安街265號1樓,25.083767,121.458646,22826588,登革熱疫苗
新北市,詠贊聯合診所,新北市蘆洲區光華里中正路85號,25.083708,121.469949,82831555,登革熱疫苗
新北市,鴻文耳鼻喉科,新北市蘆洲區樓厝里集賢路224巷14號,25.087038,121.481942,82863223,登革熱疫苗
新北市,丁良文內科診所,新北市蘆洲區九芎里長安街30號,25.079357,121.463894,82822809,登革熱疫苗
新北市,本一診所,新北市蘆洲區忠義里長榮路43-1號,25.082716,121.462967,22836622,登革熱疫苗
新北市,永全診所,新北市蘆洲區樹德里中山一路241號,25.080469,121.473373,22890332,登革熱疫苗
新北市,蘆洲現代耳鼻喉科診所,新北市蘆洲區仁義里集賢路306號,25.085131,121.481358,82811112,登革熱疫苗
新北市,李明哲診所,新北市蘆洲區信義里信義路246號1樓,25.086238,121.478573,22885110,登革熱疫苗
新北市,蘆洲集賢耳鼻喉科診所,新北市蘆洲區仁義里集賢路306號,25.085131,121.481358,82811112,登革熱疫苗
新北市,民族診所,新北市蘆洲區鷺江里民族路53號,25.085532,121.478593,82857866,登革熱疫苗
新北市,華安診所,新北市蘆洲區長安里長安街205號1樓,25.082128,121.46001,28481500,登革熱疫苗
新北市,德興診所,新北市蘆洲區福安里復興路67號,25.087308,121.476005,22855598,登革熱疫苗
新北市,愛麗生婦產科診所,新北市蘆洲區正義里長榮路323號,25.086807,121.459768,22890666,登革熱疫苗
新北市,蘆洲成功耳鼻喉科診所,新北市蘆洲區永德里長安街253號,25.083385,121.45889,82833588,登革熱疫苗
新北市,六福診所,新北市蘆洲區得勝里中正路45號1樓,25.082488,121.470939,82852066,登革熱疫苗
新北市,健群診所,新北市蘆洲區九芎里中華街71號1樓,25.080629,121.462256,28487669,登革熱疫苗
新北市,建群診所,新北市蘆洲區九芎里中華街71號1樓,25.080629,121.462256,28487669,登革熱疫苗
新北市,健群耳鼻喉科診所,新北市蘆洲區九芎里中華街71號1樓,25.080629,121.462256,28487669,登革熱疫苗
新北市,俊亨婦產科診所,新北市蘆洲區得勝里中山二路135號,25.081534,121.471954,22838078,登革熱疫苗
新北市,許修平診所,新北市蘆洲區成功里長安街290號,25.087994,121.457409,22881202,登革熱疫苗
新北市,蘆洲區衛生所,新北市蘆洲區保和里中央路58號,25.083963,121.473284,22812011,登革熱疫苗
新北市,林錦榮小兒科診所,新北市蘆洲區長安里中華街66號,25.0800487,121.4614472,22887097,登革熱疫苗
新北市,宥宥小兒科診所,新北市蘆洲區正義里長榮路175號,25.0843268,121.4612621,22898555,登革熱疫苗
新北市,蘆洲上禾耳鼻喉科診所,新北市蘆洲區忠義里長榮路47之1號,25.0829339,121.4627238,82858522,登革熱疫苗
新北市,怡兒診所,新北市鶯歌區南鶯里建國路173號1-3樓,24.953389,121.349971,26707200,登革熱疫苗
新北市,金鶯診所,新北市鶯歌區南鶯里國慶街167號1樓,24.953075,121.35123,26702559,登革熱疫苗
新北市,慈德聯合診所,新北市鶯歌區南鶯里國慶街151號1樓,24.953382,121.351048,26772600,登革熱疫苗
新北市,崇文診所,新北市鶯歌區南鶯里國慶街141號,24.953551,121.350964,26783366,登革熱疫苗
新北市,鶯歌區衛生所,新北市鶯歌區南靖里文化路389號,24.95047,121.352529,26702304,登革熱疫苗
新北市,康健家庭醫學科診所,新北市鶯歌區南鶯里建國路231號,24.953413,121.348516,26788558,登革熱疫苗
臺北市,聯合報系員工診療所,臺北市信義區忠孝東路四段５５９巷１號６樓,25.0419736,121.5609874,227601618,麻疹疫苗
臺北市,黃啟彰診所,臺北市信義區松山路２６１－１號１樓,25.043801,121.575443,227696218,麻疹疫苗
臺北市,林應然小兒科診所,臺北市信義區福德街７５號,25.036847,121.578557,227595328,麻疹疫苗
臺北市,看見佳醫診所,臺北市大安區忠孝東路３段３０５號５樓之３,25.0418858,121.5409429,287731601,麻疹疫苗
臺北市,何叔芳小兒科診所,臺北市北投區石牌路２段９０巷１２號１樓,25.1170183,121.514319,228206886,麻疹疫苗
臺北市,佛教慈濟醫療財團法人台北慈濟醫院,新北市新店區建國路２８９號,24.9860544,121.5326592,266289779,麻疹疫苗
臺北市,禾馨-小禾馨士林小兒專科診所,臺北市士林區中正路２８９號（實際使用：１樓）,25.0946875,121.5213413,228827333,麻疹疫苗
臺北市,羅源彰診所,台北市大同區長安西路１３７號,25.0514479,121.5125111,225552500,麻疹疫苗
臺北市,劉建宏診所,台北市大安路二段１３９號,25.0285754,121.5435623,227002368,麻疹疫苗
臺北市,財團法人國泰綜合醫院,台北市大安區仁愛路四段２８０號,25.028575,121.5358375,227082121,麻疹疫苗
臺北市,松德診所,臺北市大安區四維路170巷16號,25.0281223,121.544775,227073366,麻疹疫苗
臺北市,宏恩醫療財團法人宏恩綜合醫院,台北市大安區仁愛路４段７１巷１號,25.0382016,121.5441066,221713161,麻疹疫苗
臺北市,安東診所,臺北市大安區和平東路２段２２９號（１樓、２樓）,25.0252091,121.5382954,227088995,麻疹疫苗
臺北市,全家聯合診所,台北市和平東路２段３５３號,25.0249095,121.5436645,227067575,麻疹疫苗
臺北市,禾馨-小禾馨小兒專科診所,臺北市大安區新生南路三段4號,25.0255651,121.5165228,223698833,麻疹疫苗
臺北市,中山醫療社團法人中山醫院,台北市仁愛路四段１１２巷１１號,25.0365242,121.5473814,227081166,麻疹疫苗
臺北市,龍江小兒科診所,台北市龍江路331巷3號,25.0552012,121.5381784,225152433,麻疹疫苗
臺北市,綠葉親子診所,臺北市中山區農安街１２之１號（１樓）,25.0648345,121.5211964,225935559,麻疹疫苗
臺北市,榮星診所,臺北市中山區龍江路２７４號１樓及２８０號１樓、２樓,25.0609358,121.538078,225168112,麻疹疫苗
臺北市,愛鄰診所,台北市中山區北安路５２０之１號,25.0796826,121.5435382,225322333,麻疹疫苗
臺北市,黃大倫婦產科診所,台北市中山區長安東路２段１３１–３號１．２樓,25.0485505,121.5335058,225006032,麻疹疫苗
臺北市,晴光診所,臺北市中山區林森北路556號,25.064304,121.5229398,225853210,麻疹疫苗
臺北市,啟新診所,台北市建國北路三段４２號５樓,25.0643025,21.534021,225070723,麻疹疫苗
臺北市,木生婦產科診所,台北市中山區長安東路２段９０號１－４樓８８號４樓,25.0483087,121.5299172,225012312,麻疹疫苗
臺北市,大直佳恩診所,臺北市中山區北安路５９１號,25.081959,121.5460321,225323301,麻疹疫苗
臺北市,國立臺灣大學醫學院附設醫院,台北市常德路1號,25.0413784,121.5156872,223123456,麻疹疫苗
臺北市,健康１０１診所,台北市中正區牯嶺街９７號１樓,25.0258949,121.5164926,223645143,麻疹疫苗
臺北市,禾馨-禾馨婦產科診所,臺北市中正區懷寧街78號、78號2樓,25.0258934,121.4984679,223612323,麻疹疫苗
臺北市,湖欣診所,臺北市內湖區成功路４段３２７號,25.084539,121.5943314,227918350,麻疹疫苗
臺北市,國泰醫療財團法人內湖國泰診所,臺北市內湖區瑞光路504、506號及508號2樓,25.077801,121.5730299,287935888,麻疹疫苗
臺北市,禾馨-小禾馨民權小兒專科診所,臺北市內湖區行忠路191號,25.0674106,121.5771468,227910233,麻疹疫苗
臺北市,仁弘耳鼻喉科診所,臺北市內湖區內湖路一段７３７巷５０弄３３號１樓,25.0806768,121.5758515,226596360,麻疹疫苗
臺北市,中國醫藥大學附設醫院臺北分院,台北市內湖區內湖路２段３６０號,25.0820989,121.5881503,227919696,麻疹疫苗
臺北市,三軍總醫院附設民眾診療服務處,臺北市內湖區成功路二段３２５號,25.0820985,121.5804255,287923311,麻疹疫苗
臺北市,樂群耳鼻喉科家醫科診所,臺北市文山區木新路３段２０２號,24.9816663,121.5574579,222340158,麻疹疫苗
臺北市,臺北市立萬芳醫院-委託臺北醫學大學辦理,台北市文山區興隆路三段１１１號,24.999925,121.5555695,229307930,麻疹疫苗
臺北市,洪佑承小兒專科診所,臺北市文山區興隆路四段64之2號,24.9850378,121.5587696,229364708,麻疹疫苗
臺北市,佳鴻診所,臺北市文山區羅斯福路６段２５６號１樓,24.991851,121.5355548,229333096,麻疹疫苗
臺北市,仁荔健康診所,臺北市文山區興隆路一段258號,24.9984466,121.5423597,229339986,麻疹疫苗
臺北市,臺北榮民總醫院,臺北市北投區石牌路二段２０１號、３２２號,25.1197546,121.5175743,228712121,麻疹疫苗
臺北市,陳獻明小兒科診所,台北市北投區中央南路１段６９號１樓,25.1314836,121.4987697,228928950,麻疹疫苗
臺北市,常哲診所,臺北市北投區明德路１５７之４號（實際使用:１樓）,,,228285515,麻疹疫苗
臺北市,駿昂耳鼻喉科診所,臺北市松山區八德路二段３９５號,,,287728086,麻疹疫苗
臺北市,親親家庭診所,臺北市松山區南京東路五段347號,,,225283232,麻疹疫苗
臺北市,基督復臨安息日會醫療財團法人,臺北市松山區福成里八德路２段４２４號、４２６號,,,227718151,麻疹疫苗
臺北市,宥全診所,臺北市松山區民生東路５段２１６號１樓,,,227678225,麻疹疫苗
臺北市,車參薇小兒科診所,台北市松山區八德路３段１９５號１樓,,,225770101,麻疹疫苗
臺北市,三軍總醫院松山分院附設民眾診療服務處,台北市松山區健康路１３１號,,,227642151,麻疹疫苗
臺北市,臺北醫學大學附設醫院,台北市信義區吳興街２５２號,,,227372181,麻疹疫苗
臺北市,臺北產業醫診所,臺北市信義區信義路５段７號３５樓（Ｉ室）,,,281016355,麻疹疫苗
臺北市,彥安聯合診所,臺北市信義區莊敬路４６２號,,,227229173,麻疹疫苗
臺北市,長風小兒科診所,台北市信義區莊敬路３５１號１樓,,,227227943,麻疹疫苗
臺北市,林應然小兒科診所,台北市信義區福德街７５號,,,227595328,麻疹疫苗
臺北市,青年診所,台北市中華路二段４２４號１樓,,,223032450,麻疹疫苗
新北市,惠心婦產科小兒科診所,新北市三重區成功路１７１號２至５樓及１７３號２至５樓,,,229781998,麻疹疫苗
新北市,惠心婦幼診所,新北市三重區重陽路１段１３８－１４４號１－４樓,,,229810568,麻疹疫苗
新北市,翁華宗小兒科診所,新北市三重區正義北路３２４號,,,229879872,麻疹疫苗
新北市,行天宮醫療志業醫療財團法人,新北市三峽區復興路３９９號、中山路１９８、２５８號,,,226723456,麻疹疫苗
新北市,羅文亮小兒科診所,新北市土城區裕民路１４４號１樓,,,282623060,麻疹疫苗
新北市,黃基家小兒科診所,新北市中和區景平路４８５號,,,222485433,麻疹疫苗
新北市,馮泰龍小兒科診所,新北市中和區南華路２１號,,,282421606,麻疹疫苗
新北市,捷安診所,新北市中和區中和路456號1樓、2樓,,,222331117,麻疹疫苗
新北市,周一珊診所,新北市中和區宜安路１６２號１樓,,,229266969,麻疹疫苗
新北市,辰安耳鼻喉科診所,新北市中和區員山路３１７號１樓,,,222211211,麻疹疫苗
新北市,余泰昌小兒科診所,新北市中和區宜安路１３４－１號１樓,,,229230336,麻疹疫苗
新北市,王俊傑診所,新北市中和區中安街８號,,,229293636,麻疹疫苗
新北市,蔡正平耳鼻喉科聯合診所,新北市永和區得和路２４５號,,,229293045,麻疹疫苗
新北市,樂華診所,新北市永和區中正路６３２號１樓,,,286608030,麻疹疫苗
新北市,博新小兒科家庭醫學科診所,新北市永和區仁愛路２４號,,,232334150,麻疹疫苗
新北市,唐小兒科診所,新北市永和市中正路４３６ ４３８號１ ２樓,,,229296170,麻疹疫苗
新北市,旭恩小兒科診所,新北市永和區中山路一段１７２號１樓,,,229220217,麻疹疫苗
新北市,永愛診所,新北市永和區永平路２８２之１號１樓,,,229258680,麻疹疫苗
新北市,王英傑小兒科診所,新北市永和區中山路１段１５８號,,,229279600,麻疹疫苗
新北市,王杰凱小兒科診所,新北市永和區得和路２７５號１樓,,,229297717,麻疹疫苗
新北市,雙雙小兒科診所,新北市汐止區明峰街１43號１樓,,,226955777,麻疹疫苗
新北市,財團法人國泰綜合醫院汐止分院,新北市汐止區建成路５９巷２號地下３樓至地上９樓,,,226482121,麻疹疫苗
新北市,耀安小兒科診所,新北市板橋區漢生東路３２４號１樓,,,229616781,麻疹疫苗
新北市,謙禾家醫診所,新北市板橋區漢生東路２８５號１、２樓及２８７號１、２樓,,,229596599,麻疹疫苗
新北市,菡生婦幼診所,新北市板橋區中山路１段１０４號(１樓)、１０４號２至７樓,,,222538977,麻疹疫苗
新北市,晴天家醫科診所,新北市板橋區中山路2段144號(1樓),,,229646662,麻疹疫苗
新北市,陳恩哲小兒科診所,新北市板橋區文化路１段２１６號,,,222567200,麻疹疫苗
新北市,陳正忠小兒科診所,新北市板橋區府中路１４３號１樓,,,229685489,麻疹疫苗
新北市,莒光診所,新北市板橋區莒光路30號1樓,,,222527700,麻疹疫苗
新北市,財團法人徐元智先生醫藥基金會附設亞東紀念醫院,新北市板橋區南雅南路二段21號,,,289667000,麻疹疫苗
新北市,信德診所,新北市板橋區文化路1段310號,,,222570295,麻疹疫苗
新北市,宏元小兒科診所,新北市板橋區仁化街一號一樓,,,282583603,麻疹疫苗
新北市,利人診所,新北市板橋區松柏街６７號１樓,,,222511067,麻疹疫苗
新北市,王林小兒科診所,新北市板橋區忠孝路２０號１樓,,,229584966,麻疹疫苗
新北市,黃紹基診所,新北市林口區民有街156號1樓(含夾層),25.0760769,121.3699583,226005385,麻疹疫苗
新北市,羊咩咩親子診所,新北市林口區仁愛路二段２０６號１樓,25.074209,121.3760632,226028885,麻疹疫苗
新北市,安倍診所,新北市新店區中正路１３２號１樓,24.9714189,121.537428,289119181,麻疹疫苗
新北市,衛生福利部臺北醫院,新北市新莊區思源路１２７號,25.0427682,121.4565722,222765566,麻疹疫苗
新北市,湯瑪士親子兒科診所,新北市蘆洲區民族路３７７號１－２樓,25.0904659,121.4673411,222885523,麻疹疫苗